Workbook

Sheet Summary
A1: Warning model, 30 random iterations of a 50-engine test (PHM08)
A2: A: 50 engines drawn at random as the test set; B: the other 168 engines train the model (settings tuned on the 168 only).
A3: C: actual life; D: predicted life = warning cycle + predicted cycles left; E = D - C. Correct when -13 <= E <= +2.
A4: The warning is issued when the model predicts about 20 cycles left (5 cycles in a row). Repeated 30 times with new random test sets (iterations 1-20 are identical to the earlier 20-repetition run).
A6: Iteration | B6: In window (of 50) | C6: Late | D6: Early | E6: Missed | F6: Accuracy (% in window) | G6: Meets 48-of-50? | H6: Mean true cycles left at warning
A7: 1 | B7: =COUNTIFS('All tests'!$A$2:$A$1501,A7,'All tests'!$H$2:$H$1501,"IN") -> 47 | C7: =COUNTIFS('All tests'!$A$2:$A$1501,A7,'All tests'!$H$2:$H$1501,"LATE") -> 1 | D7: =COUNTIFS('All tests'!$A$2:$A$1501,A7,'All tests'!$H$2:$H$1501,"EARLY") -> 2 | E7: =COUNTIFS('All tests'!$A$2:$A$1501,A7,'All tests'!$H$2:$H$1501,"MISSED") -> 0 | F7: =B7/50 -> 0.94 | G7: =IF(B7>=48,"Yes","No") -> No | H7: =AVERAGEIFS('All tests'!$I$2:$I$1501,'All tests'!$A$2:$A$1501,A7) -> 19.12
A8: 2 | B8: =COUNTIFS('All tests'!$A$2:$A$1501,A8,'All tests'!$H$2:$H$1501,"IN") -> 46 | C8: =COUNTIFS('All tests'!$A$2:$A$1501,A8,'All tests'!$H$2:$H$1501,"LATE") -> 1 | D8: =COUNTIFS('All tests'!$A$2:$A$1501,A8,'All tests'!$H$2:$H$1501,"EARLY") -> 3 | E8: =COUNTIFS('All tests'!$A$2:$A$1501,A8,'All tests'!$H$2:$H$1501,"MISSED") -> 0 | F8: =B8/50 -> 0.92 | G8: =IF(B8>=48,"Yes","No") -> No | H8: =AVERAGEIFS('All tests'!$I$2:$I$1501,'All tests'!$A$2:$A$1501,A8) -> 20.14
A9: 3 | B9: =COUNTIFS('All tests'!$A$2:$A$1501,A9,'All tests'!$H$2:$H$1501,"IN") -> 46 | C9: =COUNTIFS('All tests'!$A$2:$A$1501,A9,'All tests'!$H$2:$H$1501,"LATE") -> 2 | D9: =COUNTIFS('All tests'!$A$2:$A$1501,A9,'All tests'!$H$2:$H$1501,"EARLY") -> 2 | E9: =COUNTIFS('All tests'!$A$2:$A$1501,A9,'All tests'!$H$2:$H$1501,"MISSED") -> 0 | F9: =B9/50 -> 0.92 | G9: =IF(B9>=48,"Yes","No") -> No | H9: =AVERAGEIFS('All tests'!$I$2:$I$1501,'All tests'!$A$2:$A$1501,A9) -> 19.36
A10: 4 | B10: =COUNTIFS('All tests'!$A$2:$A$1501,A10,'All tests'!$H$2:$H$1501,"IN") -> 47 | C10: =COUNTIFS('All tests'!$A$2:$A$1501,A10,'All tests'!$H$2:$H$1501,"LATE") -> 1 | D10: =COUNTIFS('All tests'!$A$2:$A$1501,A10,'All tests'!$H$2:$H$1501,"EARLY") -> 2 | E10: =COUNTIFS('All tests'!$A$2:$A$1501,A10,'All tests'!$H$2:$H$1501,"MISSED") -> 0 | F10: =B10/50 -> 0.94 | G10: =IF(B10>=48,"Yes","No") -> No | H10: =AVERAGEIFS('All tests'!$I$2:$I$1501,'All tests'!$A$2:$A$1501,A10) -> 19.08
A11: 5 | B11: =COUNTIFS('All tests'!$A$2:$A$1501,A11,'All tests'!$H$2:$H$1501,"IN") -> 47 | C11: =COUNTIFS('All tests'!$A$2:$A$1501,A11,'All tests'!$H$2:$H$1501,"LATE") -> 2 | D11: =COUNTIFS('All tests'!$A$2:$A$1501,A11,'All tests'!$H$2:$H$1501,"EARLY") -> 1 | E11: =COUNTIFS('All tests'!$A$2:$A$1501,A11,'All tests'!$H$2:$H$1501,"MISSED") -> 0 | F11: =B11/50 -> 0.94 | G11: =IF(B11>=48,"Yes","No") -> No | H11: =AVERAGEIFS('All tests'!$I$2:$I$1501,'All tests'!$A$2:$A$1501,A11) -> 19.4
A12: 6 | B12: =COUNTIFS('All tests'!$A$2:$A$1501,A12,'All tests'!$H$2:$H$1501,"IN") -> 48 | C12: =COUNTIFS('All tests'!$A$2:$A$1501,A12,'All tests'!$H$2:$H$1501,"LATE") -> 2 | D12: =COUNTIFS('All tests'!$A$2:$A$1501,A12,'All tests'!$H$2:$H$1501,"EARLY") -> 0 | E12: =COUNTIFS('All tests'!$A$2:$A$1501,A12,'All tests'!$H$2:$H$1501,"MISSED") -> 0 | F12: =B12/50 -> 0.96 | G12: =IF(B12>=48,"Yes","No") -> Yes | H12: =AVERAGEIFS('All tests'!$I$2:$I$1501,'All tests'!$A$2:$A$1501,A12) -> 18.94
A13: 7 | B13: =COUNTIFS('All tests'!$A$2:$A$1501,A13,'All tests'!$H$2:$H$1501,"IN") -> 45 | C13: =COUNTIFS('All tests'!$A$2:$A$1501,A13,'All tests'!$H$2:$H$1501,"LATE") -> 3 | D13: =COUNTIFS('All tests'!$A$2:$A$1501,A13,'All tests'!$H$2:$H$1501,"EARLY") -> 2 | E13: =COUNTIFS('All tests'!$A$2:$A$1501,A13,'All tests'!$H$2:$H$1501,"MISSED") -> 0 | F13: =B13/50 -> 0.9 | G13: =IF(B13>=48,"Yes","No") -> No | H13: =AVERAGEIFS('All tests'!$I$2:$I$1501,'All tests'!$A$2:$A$1501,A13) -> 21.04
A14: 8 | B14: =COUNTIFS('All tests'!$A$2:$A$1501,A14,'All tests'!$H$2:$H$1501,"IN") -> 42 | C14: =COUNTIFS('All tests'!$A$2:$A$1501,A14,'All tests'!$H$2:$H$1501,"LATE") -> 3 | D14: =COUNTIFS('All tests'!$A$2:$A$1501,A14,'All tests'!$H$2:$H$1501,"EARLY") -> 5 | E14: =COUNTIFS('All tests'!$A$2:$A$1501,A14,'All tests'!$H$2:$H$1501,"MISSED") -> 0 | F14: =B14/50 -> 0.84 | G14: =IF(B14>=48,"Yes","No") -> No | H14: =AVERAGEIFS('All tests'!$I$2:$I$1501,'All tests'!$A$2:$A$1501,A14) -> 22.04
A15: 9 | B15: =COUNTIFS('All tests'!$A$2:$A$1501,A15,'All tests'!$H$2:$H$1501,"IN") -> 46 | C15: =COUNTIFS('All tests'!$A$2:$A$1501,A15,'All tests'!$H$2:$H$1501,"LATE") -> 1 | D15: =COUNTIFS('All tests'!$A$2:$A$1501,A15,'All tests'!$H$2:$H$1501,"EARLY") -> 3 | E15: =COUNTIFS('All tests'!$A$2:$A$1501,A15,'All tests'!$H$2:$H$1501,"MISSED") -> 0 | F15: =B15/50 -> 0.92 | G15: =IF(B15>=48,"Yes","No") -> No | H15: =AVERAGEIFS('All tests'!$I$2:$I$1501,'All tests'!$A$2:$A$1501,A15) -> 20.24
A16: 10 | B16: =COUNTIFS('All tests'!$A$2:$A$1501,A16,'All tests'!$H$2:$H$1501,"IN") -> 47 | C16: =COUNTIFS('All tests'!$A$2:$A$1501,A16,'All tests'!$H$2:$H$1501,"LATE") -> 1 | D16: =COUNTIFS('All tests'!$A$2:$A$1501,A16,'All tests'!$H$2:$H$1501,"EARLY") -> 2 | E16: =COUNTIFS('All tests'!$A$2:$A$1501,A16,'All tests'!$H$2:$H$1501,"MISSED") -> 0 | F16: =B16/50 -> 0.94 | G16: =IF(B16>=48,"Yes","No") -> No | H16: =AVERAGEIFS('All tests'!$I$2:$I$1501,'All tests'!$A$2:$A$1501,A16) -> 19.12
A17: 11 | B17: =COUNTIFS('All tests'!$A$2:$A$1501,A17,'All tests'!$H$2:$H$1501,"IN") -> 47 | C17: =COUNTIFS('All tests'!$A$2:$A$1501,A17,'All tests'!$H$2:$H$1501,"LATE") -> 3 | D17: =COUNTIFS('All tests'!$A$2:$A$1501,A17,'All tests'!$H$2:$H$1501,"EARLY") -> 0 | E17: =COUNTIFS('All tests'!$A$2:$A$1501,A17,'All tests'!$H$2:$H$1501,"MISSED") -> 0 | F17: =B17/50 -> 0.94 | G17: =IF(B17>=48,"Yes","No") -> No | H17: =AVERAGEIFS('All tests'!$I$2:$I$1501,'All tests'!$A$2:$A$1501,A17) -> 19.36
A18: 12 | B18: =COUNTIFS('All tests'!$A$2:$A$1501,A18,'All tests'!$H$2:$H$1501,"IN") -> 46 | C18: =COUNTIFS('All tests'!$A$2:$A$1501,A18,'All tests'!$H$2:$H$1501,"LATE") -> 3 | D18: =COUNTIFS('All tests'!$A$2:$A$1501,A18,'All tests'!$H$2:$H$1501,"EARLY") -> 1 | E18: =COUNTIFS('All tests'!$A$2:$A$1501,A18,'All tests'!$H$2:$H$1501,"MISSED") -> 0 | F18: =B18/50 -> 0.92 | G18: =IF(B18>=48,"Yes","No") -> No | H18: =AVERAGEIFS('All tests'!$I$2:$I$1501,'All tests'!$A$2:$A$1501,A18) -> 18.26
... A36: 30 | B36: =COUNTIFS('All tests'!$A$2:$A$1501,A36,'All tests'!$H$2:$H$1501,"IN") -> 45 | C36: =COUNTIFS('All tests'!$A$2:$A$1501,A36,'All tests'!$H$2:$H$1501,"LATE") -> 2 | D36: =COUNTIFS('All tests'!$A$2:$A$1501,A36,'All tests'!$H$2:$H$1501,"EARLY") -> 3 | E36: =COUNTIFS('All tests'!$A$2:$A$1501,A36,'All tests'!$H$2:$H$1501,"MISSED") -> 0 | F36: =B36/50 -> 0.9 | G36: =IF(B36>=48,"Yes","No") -> No | H36: =AVERAGEIFS('All tests'!$I$2:$I$1501,'All tests'!$A$2:$A$1501,A36) -> 18.9
A38: Across all 30 iterations | B38: Value
A39: Average engines in window (of 50) | B39: =AVERAGE(B7:B36) -> 45.9
A40: Average accuracy (% in window) | B40: =AVERAGE(F7:F36) -> 0.918
A41: Standard deviation of accuracy | B41: =STDEV(F7:F36) -> 0.032947189
A42: Standard deviation (engines) | B42: =STDEV(B7:B36) -> 1.6473594
A43: Worst repetition (engines in window) | B43: =MIN(B7:B36) -> 42
A44: Best repetition (engines in window) | B44: =MAX(B7:B36) -> 49
A45: Repetitions meeting 48 of 50 | B45: =COUNTIF(G7:G36,"Yes") -> 4
A46: Repetitions with at least 46 of 50 | B46: =COUNTIF(B7:B36,">=46") -> 19
A47: Average late + missed per 50 | B47: =AVERAGE(C7:C36)+AVERAGE(E7:E36) -> 2.1
A48: Average too early per 50 | B48: =AVERAGE(D7:D36) -> 2
A49: Mean of the 30 per-iteration mean cycles left at warning | B49: =AVERAGE(H7:H36) -> 19.292
A50: Mean cycles left at warning, all engine tests | B50: =AVERAGE('All tests'!I2:I1501) -> 19.292
A51: Median error E (all tests, cycles) | B51: =MEDIAN('All tests'!G2:G1501) -> -4.1618094
A53: Each engine appears in several test sets across repetitions; repetitions are not independent.

Sheet Example iteration 1
A1: Iteration 1: the 50 test engines (supervisor layout C, D, E)
A3: No. | B3: Engine | C3: C: actual life | D3: D: predicted life | E3: E = D - C | F3: Result
A4: 1 | B4: 3 | C4: 150 | D4: 151.70471 | E4: =D4-C4 -> 1.7047091 | F4: =IF(E4>2,"LATE",IF(E4<-13,"EARLY","IN")) -> IN
A5: 2 | B5: 13 | C5: 210 | D5: 203.96233 | E5: =D5-C5 -> -6.0376698 | F5: =IF(E5>2,"LATE",IF(E5<-13,"EARLY","IN")) -> IN
A6: 3 | B6: 14 | C6: 147 | D6: 145.53733 | E6: =D6-C6 -> -1.462673 | F6: =IF(E6>2,"LATE",IF(E6<-13,"EARLY","IN")) -> IN
A7: 4 | B7: 18 | C7: 196 | D7: 191.25523 | E7: =D7-C7 -> -4.7447727 | F7: =IF(E7>2,"LATE",IF(E7<-13,"EARLY","IN")) -> IN
A8: 5 | B8: 19 | C8: 167 | D8: 161.46628 | E8: =D8-C8 -> -5.5337178 | F8: =IF(E8>2,"LATE",IF(E8<-13,"EARLY","IN")) -> IN
A9: 6 | B9: 20 | C9: 154 | D9: 155.2798 | E9: =D9-C9 -> 1.2797976 | F9: =IF(E9>2,"LATE",IF(E9<-13,"EARLY","IN")) -> IN
A10: 7 | B10: 22 | C10: 203 | D10: 191.31178 | E10: =D10-C10 -> -11.688224 | F10: =IF(E10>2,"LATE",IF(E10<-13,"EARLY","IN")) -> IN
A11: 8 | B11: 24 | C11: 191 | D11: 187.29983 | E11: =D11-C11 -> -3.7001736 | F11: =IF(E11>2,"LATE",IF(E11<-13,"EARLY","IN")) -> IN
A12: 9 | B12: 26 | C12: 210 | D12: 205.96234 | E12: =D12-C12 -> -4.037659 | F12: =IF(E12>2,"LATE",IF(E12<-13,"EARLY","IN")) -> IN
A13: 10 | B13: 29 | C13: 228 | D13: 227.91297 | E13: =D13-C13 -> -0.087029361 | F13: =IF(E13>2,"LATE",IF(E13<-13,"EARLY","IN")) -> IN
A14: 11 | B14: 32 | C14: 193 | D14: 194.42777 | E14: =D14-C14 -> 1.4277708 | F14: =IF(E14>2,"LATE",IF(E14<-13,"EARLY","IN")) -> IN
A15: 12 | B15: 33 | C15: 286 | D15: 280.58227 | E15: =D15-C15 -> -5.4177283 | F15: =IF(E15>2,"LATE",IF(E15<-13,"EARLY","IN")) -> IN
... A53: 50 | B53: 213 | C53: 263 | D53: 258.69602 | E53: =D53-C53 -> -4.3039759 | F53: =IF(E53>2,"LATE",IF(E53<-13,"EARLY","IN")) -> IN
A55: In window: | C55: =COUNTIF(F4:F53,"IN") -> 47 | D55: of 50

Sheet All tests
A1: Repetition | B1: Engine | C1: C: actual life (cycles) | D1: Warning issued at cycle | E1: Predicted cycles left at warning | F1: D: predicted life (cycles) | G1: E = D - C (cycles) | H1: Result | I1: True cycles left at warning (C - warning cycle)
A2: 1 | B2: 3 | C2: 150 | D2: 138 | E2: 13.704709 | F2: =D2+E2 -> 151.70471 | G2: =F2-C2 -> 1.7047091 | H2: =IF(G2>2,"LATE",IF(G2<-13,"EARLY","IN")) -> IN | I2: =C2-D2 -> 12
A3: 1 | B3: 13 | C3: 210 | D3: 190 | E3: 13.96233 | F3: =D3+E3 -> 203.96233 | G3: =F3-C3 -> -6.0376698 | H3: =IF(G3>2,"LATE",IF(G3<-13,"EARLY","IN")) -> IN | I3: =C3-D3 -> 20
A4: 1 | B4: 14 | C4: 147 | D4: 132 | E4: 13.537327 | F4: =D4+E4 -> 145.53733 | G4: =F4-C4 -> -1.462673 | H4: =IF(G4>2,"LATE",IF(G4<-13,"EARLY","IN")) -> IN | I4: =C4-D4 -> 15
A5: 1 | B5: 18 | C5: 196 | D5: 179 | E5: 12.255227 | F5: =D5+E5 -> 191.25523 | G5: =F5-C5 -> -4.7447727 | H5: =IF(G5>2,"LATE",IF(G5<-13,"EARLY","IN")) -> IN | I5: =C5-D5 -> 17
A6: 1 | B6: 19 | C6: 167 | D6: 149 | E6: 12.466282 | F6: =D6+E6 -> 161.46628 | G6: =F6-C6 -> -5.5337178 | H6: =IF(G6>2,"LATE",IF(G6<-13,"EARLY","IN")) -> IN | I6: =C6-D6 -> 18
A7: 1 | B7: 20 | C7: 154 | D7: 140 | E7: 15.279798 | F7: =D7+E7 -> 155.2798 | G7: =F7-C7 -> 1.2797976 | H7: =IF(G7>2,"LATE",IF(G7<-13,"EARLY","IN")) -> IN | I7: =C7-D7 -> 14
A8: 1 | B8: 22 | C8: 203 | D8: 179 | E8: 12.311776 | F8: =D8+E8 -> 191.31178 | G8: =F8-C8 -> -11.688224 | H8: =IF(G8>2,"LATE",IF(G8<-13,"EARLY","IN")) -> IN | I8: =C8-D8 -> 24
A9: 1 | B9: 24 | C9: 191 | D9: 172 | E9: 15.299826 | F9: =D9+E9 -> 187.29983 | G9: =F9-C9 -> -3.7001736 | H9: =IF(G9>2,"LATE",IF(G9<-13,"EARLY","IN")) -> IN | I9: =C9-D9 -> 19
A10: 1 | B10: 26 | C10: 210 | D10: 192 | E10: 13.962341 | F10: =D10+E10 -> 205.96234 | G10: =F10-C10 -> -4.037659 | H10: =IF(G10>2,"LATE",IF(G10<-13,"EARLY","IN")) -> IN | I10: =C10-D10 -> 18
A11: 1 | B11: 29 | C11: 228 | D11: 212 | E11: 15.912971 | F11: =D11+E11 -> 227.91297 | G11: =F11-C11 -> -0.087029361 | H11: =IF(G11>2,"LATE",IF(G11<-13,"EARLY","IN")) -> IN | I11: =C11-D11 -> 16
A12: 1 | B12: 32 | C12: 193 | D12: 178 | E12: 16.427771 | F12: =D12+E12 -> 194.42777 | G12: =F12-C12 -> 1.4277708 | H12: =IF(G12>2,"LATE",IF(G12<-13,"EARLY","IN")) -> IN | I12: =C12-D12 -> 15
A13: 1 | B13: 33 | C13: 286 | D13: 268 | E13: 12.582272 | F13: =D13+E13 -> 280.58227 | G13: =F13-C13 -> -5.4177283 | H13: =IF(G13>2,"LATE",IF(G13<-13,"EARLY","IN")) -> IN | I13: =C13-D13 -> 18
... A1501: 30 | B1501: 217 | C1501: 287 | D1501: 256 | E1501: 17.92109 | F1501: =D1501+E1501 -> 273.92109 | G1501: =F1501-C1501 -> -13.07891 | H1501: =IF(G1501>2,"LATE",IF(G1501<-13,"EARLY","IN")) -> EARLY | I1501: =C1501-D1501 -> 31
